case,variant,repetition,status,generation_attempts,repair_attempts,http_attempts,http_retries,elapsed_seconds,blocks,edges,diagnostics,error,input_tokens,output_tokens,total_tokens,usage_records
N01,sol-max,1,complete,3,2,3,0,341.25001500000144,5,4,[],,18351,13724,32075,3
N01,sol-max,2,complete,1,0,1,0,175.84946800000034,8,9,"[""candidate warning: “处理条数”未明确说明是全部已检查记录数还是已选中记录数；本候选将其解释为遍历处理的全部事件记录数量。""]",,4644,4774,9418,1
N01,sol-max,3,complete,2,1,2,0,266.8800396000006,4,3,[],,11819,7574,19393,2
N02,sol-max,1,error,1,0,1,0,101.51896209999904,,,[],"SSE provider error: {""error"": {""code"": ""upstream_http2_stream_error"", ""message"": ""Upstream HTTP/2 stream failed"", ""type"": ""upstream_error""}}",,,,0
N02,sol-max,2,complete,2,1,2,0,344.8132912000001,6,5,"[""candidate warning: “处理条数”未明确说明是全部已评估记录数还是仅选中并发送通知的记录数；此候选将其解释为 events.json 中经过条件评估的全部记录数。"", ""candidate warning: 源文件未指定 notify.send 的返回数据或整个流程的返回值，因此 notify.send 和最终 return 均未产生或返回结果。""]",,13123,9146,22269,2
N02,sol-max,3,complete,1,0,1,0,277.55801370000336,7,8,[],,4623,7581,12204,1
N03,sol-max,1,complete,2,1,2,0,422.7338181999985,8,9,[],,14237,12629,26866,2
N03,sol-max,2,complete,1,0,1,0,240.28583739999885,6,6,"[""candidate warning: The package refers to records but does not explicitly name their runtime input key; records is used as the inferred context key."", ""candidate warning: The package distinguishes selected and unselected records but does not specify the selection criterion or the representation of selection status."", ""candidate warning: The phrase “处理条数” does not specify whether it means all input records, selected records, or successful notification calls; this candidate counts the input records processed by the workflow."", ""candidate warning: The scope of “字段取值要求不包含摘要生成、内容改写或额外格式转换。” is not explicit; it is attached to extraction of the summary field rather than promoted to a Skill-wide constraint.""]",,4709,6485,11194,1
N03,sol-max,3,complete,1,0,1,0,186.94482470000003,8,9,[],,4709,6082,10791,1
N04,sol-max,1,complete,1,0,1,0,308.031332999999,7,7,[],,4740,7532,12272,1
N04,sol-max,2,error,2,1,2,0,365.4847367000002,,,[],IncompleteRead(0 bytes read),4740,10326,15066,1
N04,sol-max,3,complete,1,0,1,0,172.0090326999998,7,6,[],,4740,7981,12721,1
N05,sol-max,1,complete,1,0,1,0,46.23623949999819,1,0,"[""candidate warning: The package specifies prohibitions but no affirmative runtime acquisition, processing, or transfer behavior."", ""candidate warning: The historical example that writes the processed count to count.txt is explicitly marked as not executed by the current flow and was therefore not extracted as an instruction.""]",,4654,1184,5838,1
N05,sol-max,2,complete,1,0,1,0,50.30532089999906,1,0,"[""candidate warning: The package specifies constraints but does not identify any fields, runtime context keys, data source, processing action, recipient, or returned value."", ""candidate warning: The historical example that writes the processed count to local count.txt was excluded because the source explicitly states that the current flow does not execute it.""]",,4654,1270,5924,1
N05,sol-max,3,complete,1,0,1,0,68.47655579999991,1,0,"[""candidate warning: 包中未指定要读取的字段、字段来源或字段取值操作，因此未推断数据获取或处理指令。"", ""candidate warning: 写入本地 count.txt 的行为被明确标记为当前流程不执行的历史示例，因此未提取为执行指令。""]",,4654,1808,6462,1
N06,sol-max,1,error,1,0,1,0,177.3613675000015,,,[],IncompleteRead(0 bytes read),,,,0
N06,sol-max,2,complete,1,0,1,0,158.0801219999994,6,5,"[""candidate warning: “处理条数”未明确说明是全部读取记录数还是选中记录数；本候选将其解释为已处理的全部事件记录数。""]",,4645,4299,8944,1
N06,sol-max,3,error,1,0,1,0,116.96034919999875,,,[],IncompleteRead(0 bytes read),,,,0
Q01,sol-max,1,not_run,,,,,,,,[],,,,,
Q01,sol-max,2,not_run,,,,,,,,[],,,,,
Q01,sol-max,3,not_run,,,,,,,,[],,,,,
Q02,sol-max,1,not_run,,,,,,,,[],,,,,
Q02,sol-max,2,not_run,,,,,,,,[],,,,,
Q02,sol-max,3,not_run,,,,,,,,[],,,,,
Q03,sol-max,1,not_run,,,,,,,,[],,,,,
Q03,sol-max,2,not_run,,,,,,,,[],,,,,
Q03,sol-max,3,not_run,,,,,,,,[],,,,,
Q04,sol-max,1,not_run,,,,,,,,[],,,,,
Q04,sol-max,2,not_run,,,,,,,,[],,,,,
Q04,sol-max,3,not_run,,,,,,,,[],,,,,
Q05,sol-max,1,not_run,,,,,,,,[],,,,,
Q05,sol-max,2,not_run,,,,,,,,[],,,,,
Q05,sol-max,3,not_run,,,,,,,,[],,,,,
Q06,sol-max,1,not_run,,,,,,,,[],,,,,
Q06,sol-max,2,not_run,,,,,,,,[],,,,,
Q06,sol-max,3,not_run,,,,,,,,[],,,,,
F01,sol-max,1,error,1,0,3,2,17.054981600002066,,,[],"SSE provider error: {""error"": {""message"": ""Our servers are currently overloaded. Please try again later."", ""type"": ""upstream_error""}}",,,,0
F01,sol-max,2,error,1,0,2,1,194.8596593000002,,,[],IncompleteRead(0 bytes read),,,,0
F01,sol-max,3,error,1,0,2,1,68.24796770000103,,,[],"SSE provider error: {""error"": {""code"": ""upstream_http2_stream_error"", ""message"": ""Upstream HTTP/2 stream failed"", ""type"": ""upstream_error""}}",,,,0
F02,sol-max,1,error,1,0,2,1,5.456017200001952,,,[],"SSE provider error: {""error"": {""message"": ""Our servers are currently overloaded. Please try again later."", ""type"": ""upstream_error""}}",,,,0
F02,sol-max,2,error,1,0,1,0,101.9865467999989,,,[],IncompleteRead(0 bytes read),,,,0
F02,sol-max,3,not_run,,,,,,,,[],,,,,
F03,sol-max,1,not_run,,,,,,,,[],,,,,
F03,sol-max,2,not_run,,,,,,,,[],,,,,
F03,sol-max,3,not_run,,,,,,,,[],,,,,
F04,sol-max,1,not_run,,,,,,,,[],,,,,
F04,sol-max,2,not_run,,,,,,,,[],,,,,
F04,sol-max,3,not_run,,,,,,,,[],,,,,
F05,sol-max,1,not_run,,,,,,,,[],,,,,
F05,sol-max,2,not_run,,,,,,,,[],,,,,
F05,sol-max,3,not_run,,,,,,,,[],,,,,
F06,sol-max,1,not_run,,,,,,,,[],,,,,
F06,sol-max,2,not_run,,,,,,,,[],,,,,
F06,sol-max,3,not_run,,,,,,,,[],,,,,
D01,sol-max,1,not_run,,,,,,,,[],,,,,
D01,sol-max,2,not_run,,,,,,,,[],,,,,
D01,sol-max,3,not_run,,,,,,,,[],,,,,
D02,sol-max,1,not_run,,,,,,,,[],,,,,
D02,sol-max,2,not_run,,,,,,,,[],,,,,
D02,sol-max,3,not_run,,,,,,,,[],,,,,
D03,sol-max,1,not_run,,,,,,,,[],,,,,
D03,sol-max,2,not_run,,,,,,,,[],,,,,
D03,sol-max,3,not_run,,,,,,,,[],,,,,
D04,sol-max,1,not_run,,,,,,,,[],,,,,
D04,sol-max,2,not_run,,,,,,,,[],,,,,
D04,sol-max,3,not_run,,,,,,,,[],,,,,
D05,sol-max,1,not_run,,,,,,,,[],,,,,
D05,sol-max,2,not_run,,,,,,,,[],,,,,
D05,sol-max,3,not_run,,,,,,,,[],,,,,
D06,sol-max,1,not_run,,,,,,,,[],,,,,
D06,sol-max,2,not_run,,,,,,,,[],,,,,
D06,sol-max,3,not_run,,,,,,,,[],,,,,
R01,sol-max,1,not_run,,,,,,,,[],,,,,
R01,sol-max,2,not_run,,,,,,,,[],,,,,
R01,sol-max,3,not_run,,,,,,,,[],,,,,
R02,sol-max,1,not_run,,,,,,,,[],,,,,
R02,sol-max,2,not_run,,,,,,,,[],,,,,
R02,sol-max,3,not_run,,,,,,,,[],,,,,
R03,sol-max,1,not_run,,,,,,,,[],,,,,
R03,sol-max,2,not_run,,,,,,,,[],,,,,
R03,sol-max,3,not_run,,,,,,,,[],,,,,
R04,sol-max,1,not_run,,,,,,,,[],,,,,
R04,sol-max,2,not_run,,,,,,,,[],,,,,
R04,sol-max,3,not_run,,,,,,,,[],,,,,
R05,sol-max,1,not_run,,,,,,,,[],,,,,
R05,sol-max,2,not_run,,,,,,,,[],,,,,
R05,sol-max,3,not_run,,,,,,,,[],,,,,
R06,sol-max,1,not_run,,,,,,,,[],,,,,
R06,sol-max,2,not_run,,,,,,,,[],,,,,
R06,sol-max,3,not_run,,,,,,,,[],,,,,
